Referencia,Perfil,Género,Jornada laboral,Equipo,Ubicación,Nivel Estudios,Estado Civil,Fecha Nacimiento,Edad,Antigüedad,Fecha Fin,Años en Empresa,Grupo Profesional,Salario mensual,Categoria,Distancia al trabajo (KM),Promociones,Nivel de satisfacción
TRB-0000002,Activo,Hombre,COMPLETA,SEVILLA,ESPAÑA,Bachillerato,CASADO,08/01/1979,46,01/06/2000,,25,GRUPO 1 (CTD),3617,DIRECCION,10,3,4
TRB-0000005,No activo,Mujer,COMPLETA,SEVILLA,ESPAÑA,Máster,CASADO,04/09/1977,48,14/02/2011,02/02/2022,10,GRUPO 2.1 (R),2562,RESPONSABLE DE AREA,14,2,2
TRB-0000007,Activo,Mujer,COMPLETA,ADMINISTRACION,ESPAÑA,Máster,CASADO,02/11/1975,50,01/10/2001,,24,GRUPO 1 (ADRREE),3605,DIRECCION,6,3,3
TRB-0000008,Activo,Mujer,COMPLETA,ORIENTE MEDIO,EXPATRIADO,Grado Universitario,SOLTERO/A,07/03/1975,50,24/04/2001,,24,GRUPO 1 (CTD),3696,DIRECCION,8,3,3
TRB-0000009,Activo,Mujer,COMPLETA,MADRID,ESPAÑA,Máster,SOLTERO/A,20/09/1977,48,24/01/2001,,24,GRUPO 1 (R),3228,REFERENTES,9,3,3
TRB-0000010,Activo,Mujer,COMPLETA,MADRID,ESPAÑA,Grado Universitario,SOLTERO/A,18/11/1968,57,01/02/1999,,26,GRUPO 0 (CG),4528,COORDINADORA GENERAL,9,4,4
TRB-0000011,Activo,Mujer,COMPLETA,NIGER,EXPATRIADO,Grado Universitario,SOLTERO/A,23/01/1975,50,10/01/2006,,19,GRUPO 1 (AD),3507,DIRECCION,12,3,3
TRB-0000012,Activo,Hombre,COMPLETA,SANTIAGO DE COMPOSTELA,ESPAÑA,Máster,SOLTERO/A,12/04/1980,45,20/04/2005,,20,GRUPO 1 (CTD),3496,DIRECCION,8,3,3
TRB-0000013,Activo,Mujer,COMPLETA,GIJON,ESPAÑA,Grado Universitario,SOLTERO/A,16/03/1981,44,25/01/2005,,20,GRUPO 1 (CTD),3496,DIRECCION,8,3,4
TRB-0000014,Activo,Mujer,COMPLETA,BARCELONA,ESPAÑA,Máster,SOLTERO/A,05/02/1976,49,01/01/2006,,19,GRUPO 1 (CTD),3586,DIRECCION,6,3,3
TRB-0000015,Activo,Mujer,COMPLETA,VALENCIA,ESPAÑA,Grado Universitario,CASADO,22/04/1979,46,01/10/2001,,24,GRUPO 1 (R),3238,REFERENTES,7,3,3
TRB-0000016,Activo,Mujer,COMPLETA,SENEGAL,EXPATRIADO,Bachillerato,CASADO,22/11/1979,46,28/10/2004,,21,GRUPO 2.1 (R),2746,REFERENTES,9,3,4
TRB-0000018,Activo,Mujer,COMPLETA,ZARAGOZA,ESPAÑA,Máster,CASADO,09/12/1985,40,14/04/2008,,17,GRUPO 1 (R),2937,REFERENTES,9,3,3
TRB-0000019,No activo,Hombre,COMPLETA,ADMINISTRACION,ESPAÑA,Grado Universitario,CASADO,02/02/1968,57,13/10/2008,30/07/2024,15,GRUPO 2.2,2445,ADMINISTRACION,19,2,1
TRB-0000020,Activo,Mujer,COMPLETA,MERIDA,ESPAÑA,Máster,SOLTERO/A,18/05/1976,49,16/01/2006,,19,GRUPO 2.1 (R),2701,REFERENTES,9,2,3
TRB-0000021,Activo,Mujer,COMPLETA,REPUBLICA DOMINICANA,ESPAÑA,Máster,SOLTERO/A,01/11/1979,46,01/08/2009,,16,GRUPO 2.2,2648,TECNICAS,8,1,3
TRB-0000022,Activo,Mujer,COMPLETA,MAGREB,EXPATRIADO,Máster,SOLTERO/A,11/12/1981,44,20/03/2010,,15,GRUPO 1 (R),3126,REFERENTES,1,3,4
TRB-0000023,Activo,Mujer,COMPLETA,SEVILLA,ESPAÑA,Máster,SOLTERO/A,20/05/1986,39,16/01/2012,,13,GRUPO 1 (R),3090,REFERENTES,9,3,3
TRB-0000024,No activo,Hombre,COMPLETA,SENEGAL,EXPATRIADO,Grado Universitario,SOLTERO/A,07/04/1977,48,11/06/2012,21/02/2021,8,GRUPO 2.2,2445,TECNICAS,18,1,2
TRB-0000025,Activo,Mujer,COMPLETA,SENEGAL,EXPATRIADO,Máster,SOLTERO/A,24/08/1984,41,27/01/2014,,11,GRUPO 2.2,2675,TECNICAS,8,2,3
TRB-0000026,Activo,Mujer,COMPLETA,MAGREB,EXPATRIADO,Máster,CASADO,01/01/1983,42,10/02/2014,,11,GRUPO 2.1 (R),2831,REFERENTES,8,2,2
TRB-0000027,Activo,Hombre,COMPLETA,EL SALVADOR,EXPATRIADO,Máster,SOLTERO/A,29/12/1971,54,23/03/2015,,10,GRUPO 2.2,2675,TECNICAS,11,1,4
TRB-0000029,No activo,Mujer,COMPLETA,EUSKADI,ESPAÑA,Máster,SOLTERO/A,22/04/1982,43,02/03/2015,24/06/2021,6,GRUPO 2.2,2445,TECNICAS,11,1,1
TRB-0000030,No activo,Hombre,PARCIAL,SANTANDER,ESPAÑA,Grado Universitario,SOLTERO/A,09/06/1991,34,26/10/2015,26/11/2020,5,GRUPO 3.1,2195,TECNICAS,5,1,1
TRB-0000031,Activo,Hombre,PARCIAL,ADMINISTRACION,ESPAÑA,Grado Universitario,SOLTERO/A,24/08/1993,32,03/04/2018,,7,GRUPO 2.2,2498,ADMINISTRACION,11,2,2
TRB-0000032,Activo,Mujer,COMPLETA,VALENCIA,ESPAÑA,Máster,SOLTERO/A,05/05/1985,40,08/02/2016,,9,GRUPO 2.2 (R),2809,REFERENTES,7,2,3
TRB-0000033,Activo,Mujer,COMPLETA,VALENCIA,ESPAÑA,Máster,SOLTERO/A,26/04/1983,42,06/09/2018,,7,GRUPO 2.2,2498,TECNICAS,10,2,3
TRB-0000034,Activo,Mujer,COMPLETA,EUSKADI,ESPAÑA,Máster,CASADO,21/08/1984,41,06/09/2016,,9,GRUPO 2.1 (R),3007,REFERENTES,13,2,3
TRB-0000035,No activo,Mujer,COMPLETA,MERIDA,ESPAÑA,Grado Superior,SOLTERO/A,18/12/1973,52,12/07/2016,30/05/2021,4,GRUPO 3.1,2195,TECNICAS,8,1,2
TRB-0000036,No activo,Hombre,COMPLETA,BARCELONA,ESPAÑA,Máster,SOLTERO/A,07/12/1992,33,14/11/2017,03/09/2021,3,GRUPO 2.1,2562,TECNICAS,17,2,3
TRB-0000037,No activo,Mujer,COMPLETA,SENEGAL,ESPAÑA,Máster,SOLTERO/A,24/07/1986,39,20/08/2018,19/09/2021,3,GRUPO 3.2,2012,TECNICAS,6,1,3
TRB-0000038,No activo,Hombre,COMPLETA,ORIENTE MEDIO,EXPATRIADO,Grado Universitario,CASADO,26/08/1972,53,03/10/2018,30/05/2019,0,GRUPO 3.2,2012,TECNICAS,16,0,3
TRB-0000039,Activo,Mujer,COMPLETA,BARCELONA,ESPAÑA,Grado Universitario,SOLTERO/A,03/09/1991,34,28/11/2016,,9,GRUPO 2.2 (R),2684,REFERENTES,9,2,4
TRB-0000040,No activo,Mujer,COMPLETA,SENEGAL,EXPATRIADO,Grado Universitario,SOLTERO/A,27/05/1985,40,16/08/2017,01/06/2020,2,GRUPO 3.2,2012,TECNICAS,10,2,1
TRB-0000041,No activo,Mujer,COMPLETA,SEVILLA,ESPAÑA,Máster,SOLTERO/A,09/07/1985,40,08/10/2018,20/09/2023,4,GRUPO 2.2,2445,TECNICAS,15,2,3
TRB-0000042,No activo,Hombre,COMPLETA,BARCELONA,ESPAÑA,Grado Universitario,SOLTERO/A,20/01/1993,32,15/10/2017,31/01/2023,5,GRUPO 2.2,2445,TECNICAS,18,2,2
TRB-0000043,Activo,Mujer,PARCIAL,SEVILLA,ESPAÑA,ESO,SOLTERO/A,05/08/1977,48,24/11/2018,,7,GRUPO 4 (SG),216,LIMPIEZA,7,0,2
TRB-0000044,No activo,Hombre,COMPLETA,BARCELONA,ESPAÑA,Grado Universitario,SOLTERO/A,30/04/1995,30,03/02/2018,30/07/2019,1,GRUPO 4,1930,TECNICAS,10,0,2
TRB-0000045,No activo,Mujer,COMPLETA,BARCELONA,ESPAÑA,Máster,SOLTERO/A,10/11/1993,32,07/12/2018,12/11/2019,0,GRUPO 4,1930,TECNICAS,19,0,2
TRB-0000046,Activo,Hombre,COMPLETA,REPUBLICA DOMINICANA,EXPATRIADO,Grado Universitario,SOLTERO/A,05/12/1983,42,01/02/2017,,8,GRUPO 1 (R),2916,REFERENTES,5,3,3
TRB-0000047,No activo,Hombre,COMPLETA,UNION EUROPEA,EXPATRIADO,Grado Universitario,SOLTERO/A,10/01/1987,38,31/12/2017,30/03/2022,4,GRUPO 2.1,2562,RESPONSABLE DE AREA,5,2,2
TRB-0000048,Activo,Mujer,COMPLETA,REPUBLICA DOMINICANA,EXPATRIADO,Grado Universitario,SOLTERO/A,11/04/1992,33,14/03/2017,,8,GRUPO 2.2,2675,TECNICAS,6,2,3
TRB-0000049,Activo,Hombre,COMPLETA,SANTANDER,ESPAÑA,Máster,SOLTERO/A,22/12/1978,47,05/03/2018,,7,GRUPO 2.1 (R),2701,REFERENTES,9,3,3
TRB-0000050,No activo,Mujer,COMPLETA,SEVILLA,ESPAÑA,Máster,SOLTERO/A,18/05/1984,41,12/02/2018,30/12/2019,1,GRUPO 4,1930,TECNICAS,18,0,2
TRB-0000051,No activo,Hombre,COMPLETA,SEVILLA,ESPAÑA,Grado Universitario,SOLTERO/A,08/02/1986,39,26/12/2017,13/09/2020,2,GRUPO 3.1,2195,TECNICAS,11,2,2
TRB-0000052,No activo,Mujer,COMPLETA,EUSKADI,ESPAÑA,Máster,SOLTERO/A,19/08/1993,32,16/10/2018,30/12/2019,1,GRUPO 3.2,2012,TECNICAS,17,1,2
TRB-0000053,Activo,Hombre,COMPLETA,EUSKADI,ESPAÑA,Máster,CASADO,24/02/1985,40,25/06/2018,,7,GRUPO 2.1 (R),2917,REFERENTES,9,3,3
TRB-0000054,No activo,Mujer,COMPLETA,EL SALVADOR,EXPATRIADO,Máster,SOLTERO/A,30/11/1989,36,20/11/2017,30/08/2024,6,GRUPO 2.2,2445,TECNICAS,8,2,2
TRB-0000055,No activo,Hombre,COMPLETA,ORIENTE MEDIO,EXPATRIADO,Máster,SOLTERO/A,13/07/1991,34,23/03/2015,30/03/2020,5,GRUPO 3.1,2195,TECNICAS,19,1,1
TRB-0000056,No activo,Mujer,COMPLETA,MAGREB,EXPATRIADO,Máster,SOLTERO/A,27/12/1992,33,14/01/2019,31/12/2020,1,GRUPO 3.1,2195,TECNICAS,6,1,2
TRB-0000057,No activo,Mujer,COMPLETA,PALMA DE MALLORCA,ESPAÑA,Grado Universitario,SOLTERO/A,08/07/1988,37,26/04/2018,25/04/2020,1,GRUPO 3.2,2012,TECNICAS,20,1,2
TRB-0000058,No activo,Mujer,COMPLETA,MADRID,ESPAÑA,Grado Universitario,SOLTERO/A,22/02/1993,32,03/05/2016,27/09/2019,3,GRUPO 3.2,2012,TECNICAS,17,1,2
TRB-0000059,No activo,Mujer,COMPLETA,VALENCIA,ESPAÑA,Máster,SOLTERO/A,31/03/1979,46,04/02/2019,03/06/2019,0,GRUPO 2.2,2445,TECNICAS,6,0,2
TRB-0000060,No activo,Mujer,COMPLETA,PAMPLONA,ESPAÑA,Grado Universitario,SOLTERO/A,15/07/1994,31,04/02/2019,25/08/2021,2,GRUPO 3.2,2012,TECNICAS,19,2,2
TRB-0000061,No activo,Mujer,COMPLETA,MAGREB,EXPATRIADO,Grado Universitario,SOLTERO/A,19/01/1991,34,18/02/2019,30/12/2019,0,GRUPO 3.1,2195,TECNICAS,5,1,2
TRB-0000062,Activo,Mujer,PARCIAL,MADRID,ESPAÑA,Bachillerato,SOLTERO/A,20/10/1967,58,18/02/2019,,6,GRUPO 4 (SG),108,LIMPIEZA,7,0,4
TRB-0000063,No activo,Mujer,COMPLETA,GIJON,ESPAÑA,Máster,CASADO,31/07/1973,52,07/03/2019,30/12/2019,0,GRUPO 3.1,2195,TECNICAS,14,0,3
TRB-0000064,No activo,Mujer,COMPLETA,VALENCIA,ESPAÑA,Doctorado,SOLTERO/A,27/10/1972,53,03/09/2018,02/05/2020,1,GRUPO 3.2,2012,TECNICAS,19,1,2
TRB-0000065,Activo,Mujer,COMPLETA,VALENCIA,ESPAÑA,Máster,SOLTERO/A,21/01/1991,34,03/09/2018,,7,GRUPO 2.2,2584,TECNICAS,5,2,3
TRB-0000066,No activo,Mujer,COMPLETA,ZARAGOZA,ESPAÑA,Máster,SOLTERO/A,18/05/1988,37,04/06/2018,23/12/2024,6,GRUPO 2.2,2445,TECNICAS,19,2,2
TRB-0000067,No activo,Mujer,COMPLETA,MALAGA,ESPAÑA,Máster,SOLTERO/A,01/10/1991,34,26/12/2017,25/12/2019,1,GRUPO 3.2,2012,TECNICAS,13,1,2
TRB-0000068,No activo,Mujer,COMPLETA,EL SALVADOR,EXPATRIADO,Máster,SOLTERO/A,29/07/1991,34,01/04/2019,30/12/2020,1,GRUPO 3.2,2012,TECNICAS,9,0,1
TRB-0000069,No activo,Mujer,COMPLETA,MAGREB,EXPATRIADO,Grado Universitario,CASADO,07/03/1992,33,02/01/2020,30/04/2025,5,GRUPO 3.1,2195,TECNICAS,5,2,3
TRB-0000071,No activo,Hombre,COMPLETA,SEVILLA,ESPAÑA,Máster,SOLTERO/A,20/11/1984,41,15/10/2019,30/12/2021,2,GRUPO 3.2,2012,TECNICAS,8,1,3
TRB-0000072,No activo,Hombre,COMPLETA,MAGREB,EXPATRIADO,Máster,SOLTERO/A,28/11/1989,36,08/04/2019,07/10/2019,0,#N/A,#N/A,BECARIO,15,0,3
TRB-0000073,No activo,Hombre,COMPLETA,EL SALVADOR,EXPATRIADO,Máster,SOLTERO/A,13/06/1988,37,21/04/2019,20/10/2019,0,#N/A,#N/A,BECARIO,8,0,2
TRB-0000074,No activo,Mujer,COMPLETA,EL SALVADOR,EXPATRIADO,Grado Universitario,SOLTERO/A,30/08/1990,35,21/04/2019,20/10/2019,0,#N/A,#N/A,BECARIO,6,0,2
TRB-0000075,Activo,Hombre,COMPLETA,EUSKADI,ESPAÑA,Máster,SOLTERO/A,12/05/1992,33,23/04/2019,,5,GRUPO 2.2,2445,TECNICAS,8,2,3
TRB-0000076,No activo,Hombre,COMPLETA,GIJON,ESPAÑA,Grado Universitario,CASADO,04/03/1983,42,22/04/2019,22/05/2020,1,GRUPO 3.1,2195,TECNICAS,12,1,2
TRB-0000077,Activo,Hombre,COMPLETA,EL SALVADOR,EXPATRIADO,Bachillerato,CASADO,15/09/1977,48,01/03/2007,,18,GRUPO 1 (R),3132,REFERENTES,8,3,4
TRB-0000078,No activo,Hombre,COMPLETA,BARCELONA,ESPAÑA,Máster,SOLTERO/A,02/08/1961,64,07/05/2019,02/03/2020,0,GRUPO 2.2,2445,TECNICAS,16,0,2
TRB-0000079,No activo,Mujer,COMPLETA,BARCELONA,ESPAÑA,Máster,SOLTERO/A,26/09/1967,58,13/05/2019,05/05/2023,3,GRUPO 2.2,2445,TECNICAS,10,0,2
TRB-0000080,Activo,Mujer,COMPLETA,REPUBLICA DOMINICANA,EXPATRIADO,Máster,CASADO,20/08/1976,49,20/07/2016,,9,GRUPO 2.1 (R),2827,REFERENTES,17,2,4
TRB-0000082,Activo,Mujer,COMPLETA,MAGREB,EXPATRIADO,Máster,CASADO,24/11/1980,45,19/06/2019,,6,GRUPO 2.1 (R),2776,REFERENTES,12,3,3
TRB-0000083,No activo,Mujer,COMPLETA,VALENCIA,ESPAÑA,Máster,SOLTERO/A,17/08/1994,31,19/07/2017,30/09/2019,2,GRUPO 3.2,2012,TECNICAS,20,1,2
TRB-0000084,Activo,Mujer,COMPLETA,SEVILLA,ESPAÑA,Máster,SOLTERO/A,11/04/1978,47,17/07/2019,,6,GRUPO 1 (R),2916,REFERENTES,20,3,3
TRB-0000085,No activo,Mujer,COMPLETA,MADRID,ESPAÑA,Máster,SOLTERO/A,08/02/1989,36,05/08/2019,01/09/2019,0,GRUPO 3.1,2195,TECNICAS,13,0,2
TRB-0000086,No activo,Mujer,COMPLETA,ORIENTE MEDIO,EXPATRIADO,Grado Superior,SOLTERO/A,15/07/1978,47,12/08/2019,11/08/2021,1,GRUPO 3.1,2195,TECNICAS,18,2,2
TRB-0000087,No activo,Mujer,COMPLETA,SEVILLA,ESPAÑA,Grado Universitario,SOLTERO/A,01/04/1983,42,02/09/2019,26/09/2019,0,GRUPO 4,1930,TECNICAS,12,0,3
TRB-0000088,No activo,Hombre,PARCIAL,SEVILLA,ESPAÑA,Grado Superior,CASADO,09/03/1982,43,05/09/2019,18/07/2021,1,GRUPO 3.2,2012,TECNICAS,17,1,3
TRB-0000089,Activo,Mujer,COMPLETA,CADIZ,ESPAÑA,Grado Universitario,SOLTERO/A,03/12/1984,41,02/09/2019,,6,GRUPO 2.2,2573,TECNICAS,14,3,4
TRB-0000090,No activo,Mujer,COMPLETA,MERIDA,ESPAÑA,Máster,SOLTERO/A,21/12/1978,47,10/04/2018,28/07/2021,3,GRUPO 3.2,2012,TECNICAS,8,1,4
TRB-0000091,No activo,Mujer,COMPLETA,ORIENTE MEDIO,EXPATRIADO,Máster,SOLTERO/A,22/10/1992,33,02/09/2019,29/09/2024,5,GRUPO 2.2 (R),2445,REFERENTES,10,2,2
TRB-0000092,Activo,Mujer,COMPLETA,CADIZ,ESPAÑA,Grado Universitario,SOLTERO/A,01/04/1982,43,02/09/2019,,6,GRUPO 2.2,2584,TECNICAS,6,3,4
TRB-0000093,No activo,Hombre,COMPLETA,PAMPLONA,ESPAÑA,Máster,SOLTERO/A,07/11/1983,42,03/09/2019,30/10/2020,1,GRUPO 4,1930,TECNICAS,15,1,3
TRB-0000094,No activo,Hombre,COMPLETA,MADRID,ESPAÑA,Grado Universitario,SOLTERO/A,09/05/1980,45,12/09/2019,27/01/2020,0,GRUPO 3.2,2012,TECNICAS,9,0,1
TRB-0000095,No activo,Mujer,COMPLETA,REPUBLICA DOMINICANA,EXPATRIADO,Máster,SOLTERO/A,08/01/1992,33,17/09/2020,26/03/2021,0,GRUPO 3.2,2012,TECNICAS,14,0,3
TRB-0000096,No activo,Mujer,COMPLETA,EL SALVADOR,EXPATRIADO,Máster,SOLTERO/A,20/01/1989,36,19/09/2019,08/04/2020,0,GRUPO 3.1,2195,TECNICAS,16,0,2
TRB-0000097,No activo,Mujer,COMPLETA,REPUBLICA DOMINICANA,EXPATRIADO,Grado Universitario,SOLTERO/A,19/04/1983,42,26/09/2019,31/07/2020,0,GRUPO 2.2,2445,TECNICAS,7,1,2
TRB-0000098,No activo,Hombre,COMPLETA,BARCELONA,ESPAÑA,Grado Universitario,SOLTERO/A,23/07/1993,32,23/09/2019,31/07/2020,0,GRUPO 3.1,2195,TECNICAS,7,1,3
TRB-0000099,No activo,Mujer,COMPLETA,PAMPLONA,ESPAÑA,Grado Universitario,SOLTERO/A,27/01/1995,30,01/10/2019,30/09/2023,3,GRUPO 3.1,2195,TECNICAS,19,0,3
TRB-0000100,Activo,Hombre,COMPLETA,EL SALVADOR,EXPATRIADO,Máster,CASADO,01/06/1970,55,07/10/2019,,6,GRUPO 2.1,2792,TECNICAS,11,1,2
TRB-0000101,No activo,Hombre,COMPLETA,SEVILLA,ESPAÑA,Máster,SOLTERO/A,20/11/1984,41,15/10/2019,30/12/2021,2,GRUPO 3.2,2012,TECNICAS,6,1,3
TRB-0000102,No activo,Mujer,PARCIAL,MERIDA,ESPAÑA,Grado Universitario,SOLTERO/A,18/08/1984,41,24/02/2017,07/12/2017,0,GRUPO 3.2,2012,TECNICAS,15,0,2
TRB-0000103,No activo,Mujer,COMPLETA,MAGREB,EXPATRIADO,Máster,SOLTERO/A,21/08/1984,41,15/10/2019,03/01/2020,0,GRUPO 2.2,2445,TECNICAS,14,0,2
TRB-0000104,No activo,Hombre,COMPLETA,MADRID,ESPAÑA,Máster,SOLTERO/A,02/03/1989,36,28/10/2019,22/10/2021,1,GRUPO 3.2,2012,TECNICAS,8,0,2
TRB-0000105,No activo,Mujer,COMPLETA,BARCELONA,ESPAÑA,Doctorado,SOLTERO/A,02/04/1978,47,05/11/2019,05/10/2020,0,GRUPO 4,1930,TECNICAS,5,1,3
TRB-0000106,Activo,Mujer,PARCIAL,NIGER,EXPATRIADO,Máster,CASADO,02/09/1983,42,05/11/2019,,6,GRUPO 2.1 (R),2657,REFERENTES,5,3,3
TRB-0000107,No activo,Mujer,COMPLETA,INNOVACION Y ESS,ESPAÑA,Grado Universitario,SOLTERO/A,23/07/1979,46,14/11/2019,03/09/2022,2,GRUPO 2.2,2445,TECNICAS,8,0,3
TRB-0000108,No activo,Mujer,COMPLETA,INNOVACION Y ESS,ESPAÑA,Máster,DIVORCIADO/A LEGALMENTE,03/06/1969,56,14/11/2019,06/07/2021,1,GRUPO 1 (R),2782,REFERENTES,15,3,2
TRB-0000109,No activo,Mujer,COMPLETA,INNOVACION Y ESS,ESPAÑA,Grado Universitario,CASADO,21/08/1972,53,14/11/2019,01/10/2020,0,GRUPO 2.2,2445,TECNICAS,16,0,2
TRB-0000110,No activo,Mujer,COMPLETA,VALLADOLID,ESPAÑA,Grado Universitario,SOLTERO/A,10/12/1992,33,18/11/2019,21/09/2020,0,GRUPO 3.2,2012,TECNICAS,7,0,2
TRB-0000111,No activo,Mujer,COMPLETA,EUSKADI,ESPAÑA,Máster,SOLTERO/A,10/12/1992,33,18/11/2019,21/09/2020,0,GRUPO 3.2,2012,TECNICAS,12,0,3
TRB-0000112,No activo,Hombre,COMPLETA,SENEGAL,EXPATRIADO,Grado Universitario,CASADO,21/09/1963,62,01/01/2020,22/04/2020,0,GRUPO 2.2,2445,TECNICAS,5,0,3
TRB-0000113,Activo,Mujer,COMPLETA,MAGREB,EXPATRIADO,Máster,SOLTERO/A,26/05/1977,48,07/01/2020,,5,GRUPO 2.2,2652,TECNICAS,6,0,3
TRB-0000114,No activo,Mujer,COMPLETA,VALENCIA,ESPAÑA,--,--,0,125,#N/A,,#N/A,N/A,#N/A,BECARIO,16,0,1
TRB-0000115,No activo,Mujer,COMPLETA,MAGREB,EXPATRIADO,Máster,SOLTERO/A,13/01/1988,37,15/01/2020,31/12/2020,0,GRUPO 3.2,2012,TECNICAS,18,0,4
TRB-0000116,No activo,Mujer,PARCIAL,SANTANDER,ESPAÑA,Máster,CASADO,25/11/1967,58,13/02/2020,14/12/2020,0,GRUPO 3.2,2012,TECNICAS,8,0,3
TRB-0000117,Activo,Mujer,COMPLETA,GIJON,ESPAÑA,Grado Superior,SOLTERO/A,19/06/1990,35,05/03/2020,,5,GRUPO 3.1,2316,TECNICAS,12,2,3
TRB-0000119,Activo,Mujer,COMPLETA,VALENCIA,ESPAÑA,Máster,CASADO,21/10/1988,37,19/09/2022,,3,GRUPO 2.2,2573,TECNICAS,16,2,4
TRB-0000120,Activo,Mujer,COMPLETA,SANTIAGO DE COMPOSTELA,ESPAÑA,Máster,SOLTERO/A,12/07/1989,36,01/04/2020,,5,GRUPO 3.1,2327,TECNICAS,13,1,4
TRB-0000121,No activo,Mujer,PARCIAL,SEVILLA,ESPAÑA,ESO,SOLTERO/A,12/01/1970,55,25/06/2018,31/01/2021,2,GRUPO 4,1930,TECNICAS,20,0,2
TRB-0000122,No activo,Mujer,COMPLETA,BARCELONA,ESPAÑA,Grado Superior,DIVORCIADO/A LEGALMENTE,03/03/1967,58,16/07/2020,05/05/2023,2,GRUPO 2.2,2445,TECNICAS,18,1,1
TRB-0000123,No activo,Mujer,COMPLETA,MALAGA,ESPAÑA,Grado Universitario,SOLTERO/A,06/01/1981,44,18/08/2020,18/06/2022,1,GRUPO 3.2,2012,TECNICAS,10,1,3
TRB-0000124,No activo,Mujer,COMPLETA,BARCELONA,ESPAÑA,Grado Superior,SOLTERO/A,14/02/1996,29,24/08/2020,19/06/2021,0,GRUPO 4,1930,TECNICAS,11,0,3
TRB-0000125,No activo,Mujer,COMPLETA,VALLADOLID,ESPAÑA,Máster,SOLTERO/A,26/03/1987,38,22/09/2020,14/05/2021,0,GRUPO 3.2,2012,TECNICAS,12,0,2
TRB-0000126,No activo,Mujer,COMPLETA,EUSKADI,ESPAÑA,Máster,SOLTERO/A,09/08/1990,35,28/09/2020,16/04/2021,0,GRUPO 3.2,2012,TECNICAS,9,0,1
TRB-0000127,No activo,Mujer,COMPLETA,EUSKADI,ESPAÑA,Máster,SOLTERO/A,28/08/1991,34,07/10/2020,28/02/2021,0,GRUPO 4,1930,TECNICAS,19,0,3
TRB-0000128,No activo,Mujer,COMPLETA,SEVILLA,ESPAÑA,Bachillerato,SOLTERO/A,12/01/1997,28,13/10/2020,30/09/2023,2,GRUPO 3.1,2195,TECNICAS,8,1,3
TRB-0000129,Activo,Mujer,COMPLETA,SENEGAL,EXPATRIADO,Máster,SOLTERO/A,20/11/1992,33,28/10/2020,,5,GRUPO 2.2,2675,TECNICAS,7,3,4
TRB-0000130,No activo,Mujer,COMPLETA,ADMINISTRACION,ESPAÑA,Máster,SOLTERO/A,16/02/1983,42,04/11/2020,03/06/2021,0,GRUPO 3.2,2012,ADMINISTRACION,7,0,1
TRB-0000132,Activo,Mujer,COMPLETA,SANTANDER,ESPAÑA,Máster,SOLTERO/A,25/04/1990,35,14/03/2023,,2,GRUPO 2.2,2440,TECNICAS,11,0,3
TRB-0000133,No activo,Mujer,PARCIAL,VALENCIA,ESPAÑA,Máster,SOLTERO/A,01/08/1997,28,23/08/2021,23/04/2022,0,GRUPO 3.2,2012,TECNICAS,10,1,3
TRB-0000134,No activo,Hombre,COMPLETA,BARCELONA,ESPAÑA,Grado Universitario,SOLTERO/A,27/02/1992,33,02/03/2021,25/02/2022,0,GRUPO 3.2,2012,TECNICAS,5,0,3
TRB-0000135,No activo,Mujer,COMPLETA,ORIENTE MEDIO,EXPATRIADO,Máster,SOLTERO/A,28/10/1992,33,02/03/2021,20/10/2022,1,GRUPO 3.1,2195,TECNICAS,16,0,2
TRB-0000136,No activo,Hombre,COMPLETA,ORIENTE MEDIO,EXPATRIADO,Máster,SOLTERO/A,26/01/1992,33,02/03/2021,26/03/2023,2,GRUPO 3.1,2195,TECNICAS,18,0,2
TRB-0000137,No activo,Hombre,COMPLETA,SEVILLA,ESPAÑA,Grado Universitario,SOLTERO/A,21/09/1993,32,08/03/2021,31/12/2024,3,GRUPO 3.1,2195,TECNICAS,15,1,3
TRB-0000138,No activo,Hombre,COMPLETA,SENEGAL,EXPATRIADO,Máster,SOLTERO/A,06/08/1993,32,22/03/2021,30/10/2023,2,GRUPO 3.2,2012,TECNICAS,20,1,2
TRB-0000139,Activo,Hombre,COMPLETA,VALENCIA,ESPAÑA,Máster,CASADO,20/12/1986,39,13/03/2021,,4,GRUPO 2.2,2608,TECNICAS,10,1,2
TRB-0000140,No activo,Mujer,COMPLETA,PALMA DE MALLORCA,ESPAÑA,Máster,SOLTERO/A,31/05/1997,28,06/04/2021,01/10/2023,2,GRUPO 3.1,2195,TECNICAS,14,0,3
TRB-0000141,No activo,Hombre,COMPLETA,SEVILLA,ESPAÑA,Máster,SOLTERO/A,13/06/1991,34,15/04/2021,09/11/2022,1,GRUPO 4,1930,TECNICAS,11,0,3
TRB-0000142,No activo,Mujer,COMPLETA,SEVILLA,ESPAÑA,Grado Universitario,CASADO,28/02/1968,57,15/04/2021,27/06/2021,0,GRUPO 3.1,2195,TECNICAS,11,0,2
TRB-0000144,No activo,Mujer,COMPLETA,VALENCIA,ESPAÑA,Máster,SOLTERO/A,27/07/1981,44,26/04/2021,25/08/2022,1,GRUPO 3.2,2012,TECNICAS,16,1,2
TRB-0000145,Activo,Mujer,COMPLETA,NIGER,ESPAÑA,Máster,SOLTERO/A,21/05/1992,33,26/04/2021,,4,GRUPO 2.2,2584,TECNICAS,12,1,3
TRB-0000146,Activo,Hombre,COMPLETA,ADMINISTRACION,ESPAÑA,Máster,CASADO,17/06/1994,31,09/08/2021,,4,GRUPO 2.2,2619,ADMINISTRACION,9,2,4
TRB-0000147,No activo,Mujer,COMPLETA,EL SALVADOR,EXPATRIADO,Grado Universitario,SOLTERO/A,22/02/1997,28,26/04/2021,15/01/2025,3,GRUPO 2.2,2445,TECNICAS,19,2,3
TRB-0000148,Activo,Mujer,COMPLETA,EUSKADI,ESPAÑA,Máster,SOLTERO/A,19/12/1974,51,01/05/2023,,2,GRUPO 2.2,2440,TECNICAS,17,0,4
TRB-0000149,No activo,Mujer,COMPLETA,ORIENTE MEDIO,EXPATRIADO,Máster,SOLTERO/A,17/09/1993,32,05/05/2021,31/07/2022,1,GRUPO 3.1,2195,TECNICAS,15,1,2
TRB-0000150,Activo,Hombre,COMPLETA,SANTIAGO DE COMPOSTELA,ESPAÑA,Máster,CASADO,12/02/1989,36,24/05/2021,,4,GRUPO 3.1,2330,TECNICAS,18,1,4
TRB-0000151,No activo,Mujer,COMPLETA,BARCELONA,ESPAÑA,Máster,SOLTERO/A,27/05/1996,29,01/01/2022,11/04/2023,1,GRUPO 3.2,2012,TECNICAS,20,1,3
TRB-0000152,No activo,Mujer,COMPLETA,MAGREB,EXPATRIADO,Máster,SOLTERO/A,14/04/1986,39,16/06/2021,24/04/2023,1,GRUPO 3.1,2195,TECNICAS,16,0,3
TRB-0000153,No activo,Mujer,COMPLETA,VALLADOLID,ESPAÑA,Grado Universitario,SOLTERO/A,10/06/1996,29,19/07/2021,02/05/2023,1,GRUPO 3.2,2012,TECNICAS,9,0,3
TRB-0000154,Activo,Mujer,COMPLETA,ADMINISTRACION,ESPAÑA,Máster,SOLTERO/A,05/05/1985,40,02/08/2021,,4,GRUPO 2.2,2619,ADMINISTRACION,11,2,4
TRB-0000155,No activo,Mujer,PARCIAL,BARCELONA,ESPAÑA,Máster,SOLTERO/A,04/01/1985,40,02/08/2021,30/12/2022,1,GRUPO 4,1930,TECNICAS,12,0,2
TRB-0000157,Activo,Mujer,COMPLETA,GIJON,ESPAÑA,Máster,CASADO,26/05/1979,46,06/09/2021,,4,GRUPO 3.1,2260,TECNICAS,14,1,3
TRB-0000159,No activo,Mujer,COMPLETA,EUSKADI,ESPAÑA,Grado Universitario,SOLTERO/A,29/03/1974,51,01/10/2021,30/06/2022,0,GRUPO 3.2,2012,TECNICAS,9,1,3
TRB-0000160,No activo,Hombre,PARCIAL,SEVILLA,ESPAÑA,Grado Universitario,SOLTERO/A,09/12/1999,26,15/11/2021,18/06/2022,0,GRUPO 4,1930,TECNICAS,6,0,3
TRB-0000161,Activo,Hombre,COMPLETA,SEVILLA,ESPAÑA,Grado Superior,SOLTERO/A,14/01/2000,25,15/11/2021,,4,GRUPO 3.1,2260,TECNICAS,8,2,2
TRB-0000162,Activo,Hombre,COMPLETA,MADRID,ESPAÑA,Máster,SOLTERO/A,18/04/1994,31,24/11/2021,,4,GRUPO 3.1,2362,TECNICAS,5,1,4
TRB-0000163,No activo,Mujer,COMPLETA,PAMPLONA,ESPAÑA,Grado Universitario,SOLTERO/A,22/10/1998,27,09/12/2021,30/06/2022,0,GRUPO 3.2,2012,TECNICAS,10,1,2
TRB-0000164,No activo,Mujer,COMPLETA,BARCELONA,ESPAÑA,Máster,SOLTERO/A,10/05/1991,34,29/11/2021,30/01/2022,0,GRUPO 2.2,2445,TECNICAS,16,0,2
TRB-0000165,Activo,Mujer,COMPLETA,BARCELONA,ESPAÑA,Máster,SOLTERO/A,21/11/1994,31,01/04/2025,,0,GRUPO 3.1,2190,TECNICAS,19,0,4
TRB-0000166,Activo,Mujer,COMPLETA,EL SALVADOR,EXPATRIADO,Máster,SOLTERO/A,10/08/1994,31,24/01/2022,,3,GRUPO 2.1 (R),2839,REFERENTES,19,3,3
TRB-0000167,Activo,Mujer,COMPLETA,EL SALVADOR,ESPAÑA,Máster,SOLTERO/A,10/10/1982,43,17/01/2022,,3,GRUPO 2.2,2529,TECNICAS,9,2,4
TRB-0000168,No activo,Hombre,COMPLETA,INNOVACION Y ESS,ESPAÑA,Bachillerato,SOLTERO/A,24/10/1994,31,07/02/2022,06/08/2022,0,GRUPO 3.1,2195,TECNICAS,11,1,1
TRB-0000169,No activo,Hombre,COMPLETA,INNOVACION Y ESS,ESPAÑA,Máster,SOLTERO/A,16/10/1985,40,07/02/2022,30/11/2023,1,GRUPO 2.2,2445,TECNICAS,14,1,2
TRB-0000170,No activo,Hombre,PARCIAL,ZARAGOZA,ESPAÑA,Máster,SOLTERO/A,10/04/1979,46,14/02/2022,13/08/2022,0,GRUPO 3.2,2012,TECNICAS,10,0,1
TRB-0000171,No activo,Mujer,COMPLETA,EUSKADI,ESPAÑA,Máster,SOLTERO/A,23/11/1993,32,21/03/2022,14/03/2022,3,GRUPO 3.2,2012,TECNICAS,13,0,1
TRB-0000172,Activo,Mujer,COMPLETA,SANTIAGO DE COMPOSTELA,ESPAÑA,Grado Universitario,CASADO,24/06/1985,40,01/03/2022,,3,GRUPO 2.2,2445,TECNICAS,7,2,3
TRB-0000173,No activo,Mujer,PARCIAL,SANTIAGO DE COMPOSTELA,ESPAÑA,Máster,SOLTERO/A,01/09/1982,43,01/03/2022,31/08/2022,0,GRUPO 3.1,2195,TECNICAS,8,0,4
TRB-0000174,No activo,Hombre,COMPLETA,UNION EUROPEA,EXPATRIADO,Máster,SOLTERO/A,23/01/1989,36,15/03/2022,20/01/2023,0,GRUPO 2.2,2445,RESPONSABLE DE AREA,8,2,2
TRB-0000175,No activo,Hombre,COMPLETA,BARCELONA,ESPAÑA,Grado Universitario,SOLTERO/A,07/05/1994,31,15/03/2022,14/09/2022,0,GRUPO 3.1,2195,RESPONSABLE DE AREA,14,2,1
TRB-0000176,Activo,Mujer,COMPLETA,EUSKADI,ESPAÑA,Máster,SOLTERO/A,18/09/1989,36,21/03/2022,,3,GRUPO 3.1,1829,TECNICAS,19,0,3
TRB-0000178,Activo,Mujer,COMPLETA,SEVILLA,ESPAÑA,Máster,CASADO,16/08/1976,49,27/10/2008,,17,GRUPO 2.2,2501,TECNICAS,16,2,3
TRB-0000180,Activo,Mujer,COMPLETA,SANTANDER,ESPAÑA,Grado Superior,SOLTERO/A,24/05/1993,32,11/07/2022,,3,GRUPO 2.2,2457,TECNICAS,16,3,4
TRB-0000181,No activo,Hombre,COMPLETA,ORIENTE MEDIO,EXPATRIADO,Máster,SOLTERO/A,13/08/1992,33,01/08/2022,30/08/2023,1,GRUPO 3.2,2012,TECNICAS,9,1,2
TRB-0000182,No activo,Mujer,COMPLETA,ORIENTE MEDIO,EXPATRIADO,Máster,SOLTERO/A,20/10/1994,31,01/08/2022,30/09/2023,1,GRUPO 3.2,2012,TECNICAS,14,0,3
TRB-0000183,No activo,Mujer,COMPLETA,PAMPLONA,ESPAÑA,Máster,SOLTERO/A,08/02/1992,33,16/08/2022,03/11/2022,0,GRUPO 3.2,2012,TECNICAS,8,0,4
TRB-0000184,Activo,Mujer,COMPLETA,EUSKADI,ESPAÑA,Máster,SOLTERO/A,08/01/1995,30,01/04/2025,,0,GRUPO 3.1,2195,TECNICAS,4,0,1
TRB-0000186,Activo,Mujer,COMPLETA,SEVILLA,ESPAÑA,Máster,SOLTERO/A,03/03/1995,30,19/09/2022,,3,GRUPO 3.1,2195,TECNICAS,7,2,4
TRB-0000187,No activo,Mujer,COMPLETA,VALLADOLID,ESPAÑA,Máster,CASADO,19/10/1987,38,03/10/2022,30/06/2023,0,GRUPO 3.2,2012,TECNICAS,10,0,3
TRB-0000188,Activo,Mujer,COMPLETA,EUSKADI,ESPAÑA,Máster,SOLTERO/A,18/12/1997,28,10/10/2022,,3,GRUPO 3.1,2195,TECNICAS,13,1,4
TRB-0000189,No activo,Mujer,COMPLETA,EUSKADI,ESPAÑA,Máster,SOLTERO/A,12/03/1996,29,11/10/2022,10/01/2023,0,GRUPO 4,1930,TECNICAS,16,0,4
TRB-0000191,No activo,Hombre,COMPLETA,MERIDA,ESPAÑA,Máster,SOLTERO/A,25/08/1984,41,10/10/2022,30/01/2023,0,GRUPO 3.2,2012,TECNICAS,14,0,4
TRB-0000192,Activo,Hombre,COMPLETA,EUSKADI,ESPAÑA,Máster,SOLTERO/A,05/06/1989,36,19/10/2022,,3,GRUPO 3.1,2185,TECNICAS,19,2,3
TRB-0000193,No activo,Hombre,COMPLETA,SANTANDER,ESPAÑA,Grado Universitario,SOLTERO/A,13/01/1987,38,19/10/2022,30/06/2023,0,GRUPO 3.1,2195,TECNICAS,12,0,4
TRB-0000194,Activo,Hombre,COMPLETA,EUSKADI,ESPAÑA,Máster,SOLTERO/A,02/11/1996,29,02/11/2022,,3,GRUPO 3.1,2182,TECNICAS,14,2,3
TRB-0000195,No activo,Mujer,COMPLETA,PAMPLONA,ESPAÑA,Máster,SOLTERO/A,27/11/1976,49,15/11/2022,30/08/2024,1,GRUPO 3.2,2012,TECNICAS,15,0,4
TRB-0000197,No activo,Hombre,COMPLETA,BARCELONA,ESPAÑA,Máster,SOLTERO/A,17/02/1995,30,09/01/2023,10/02/2023,0,GRUPO 4,1930,TECNICAS,20,0,3
TRB-0000198,No activo,Mujer,COMPLETA,BARCELONA,ESPAÑA,Máster,SOLTERO/A,02/04/1998,27,09/01/2023,11/02/2025,2,GRUPO 3.1,2195,TECNICAS,12,2,4
TRB-0000199,Activo,Mujer,COMPLETA,BARCELONA,ESPAÑA,Máster,SOLTERO/A,23/01/1992,33,06/02/2023,,2,GRUPO 2.2,2445,TECNICAS,2,1,3
TRB-0000200,No activo,Hombre,PARCIAL,EUSKADI,ESPAÑA,Máster,SOLTERO/A,07/07/1997,28,20/02/2023,31/07/2023,0,GRUPO 4,1930,TECNICAS,14,0,4
TRB-0000201,No activo,Hombre,COMPLETA,UNION EUROPEA,EXPATRIADO,Grado Universitario,SOLTERO/A,16/07/1979,46,20/02/2023,20/02/2024,1,GRUPO 2.1,2562,TECNICAS,18,0,3
TRB-0000202,Activo,Hombre,COMPLETA,BARCELONA,ESPAÑA,Grado Universitario,CASADO,20/03/1968,57,27/02/2023,,2,GRUPO 2.2,2547,TECNICAS,3,1,4
TRB-0000203,No activo,Mujer,COMPLETA,MAGREB,EXPATRIADO,Grado Universitario,SOLTERO/A,03/09/1989,36,06/03/2023,30/06/2024,1,GRUPO 3.1,2195,TECNICAS,16,0,4
TRB-0000205,No activo,Mujer,PARCIAL,VALENCIA,ESPAÑA,--,SOLTERO/A,,125,#N/A,,#N/A,N/A,#N/A,BECARIO,8,0,3
TRB-0000206,No activo,Mujer,PARCIAL,VALLADOLID,ESPAÑA,Grado Universitario,SOLTERO/A,01/06/1993,32,01/03/2023,28/04/2023,0,GRUPO 3.2,2012,TECNICAS,11,0,3
TRB-0000207,No activo,Mujer,COMPLETA,ORIENTE MEDIO,EXPATRIADO,Máster,CASADO,19/10/1987,38,21/03/2023,29/02/2024,0,GRUPO 3.2,2012,TECNICAS,20,0,3
TRB-0000208,No activo,Mujer,COMPLETA,ORIENTE MEDIO,EXPATRIADO,Máster,SOLTERO/A,02/11/1996,29,21/03/2023,08/01/2024,0,GRUPO 3.2,2012,TECNICAS,5,0,4
TRB-0000209,Activo,Mujer,COMPLETA,MAGREB,EXPATRIADO,Bachillerato,SOLTERO/A,18/07/1994,31,03/04/2023,,2,GRUPO 3.2,2099,TECNICAS,4,0,3
TRB-0000210,Activo,Mujer,COMPLETA,EL SALVADOR,EXPATRIADO,Máster,SOLTERO/A,03/11/1998,27,17/04/2023,,2,GRUPO 3.1,2288,TECNICAS,5,0,1
TRB-0000211,No activo,Mujer,COMPLETA,BARCELONA,ESPAÑA,Máster,SOLTERO/A,10/05/1991,34,16/05/2023,30/06/2023,0,GRUPO 4,1930,TECNICAS,9,0,4
TRB-0000212,Activo,Mujer,COMPLETA,BARCELONA,ESPAÑA,Grado Universitario,SOLTERO/A,06/05/1993,32,29/05/2023,,2,GRUPO 2.2,2445,TECNICAS,12,0,2
TRB-0000213,Activo,Hombre,COMPLETA,ORIENTE MEDIO,EXPATRIADO,Máster,CASADO,11/08/1994,31,05/06/2023,,2,GRUPO 3.1,2206,TECNICAS,6,1,4
TRB-0000215,Activo,Mujer,COMPLETA,ORIENTE MEDIO,EXPATRIADO,Máster,CASADO,03/06/1999,26,10/07/2023,,2,GRUPO 3.1,2199,TECNICAS,9,0,4
TRB-0000216,Activo,Mujer,COMPLETA,ORIENTE MEDIO,EXPATRIADO,Grado Universitario,SOLTERO/A,19/03/1999,26,03/07/2023,,2,GRUPO 3.1,2195,TECNICAS,9,1,3
TRB-0000217,Activo,Mujer,COMPLETA,ADMINISTRACION,ESPAÑA,ESO,CASADO,11/09/1987,38,20/07/2023,,2,GRUPO 3.1,2297,ADMINISTRACION,9,1,4
TRB-0000218,Activo,Hombre,COMPLETA,ADMINISTRACION,ESPAÑA,Grado Universitario,CASADO,11/09/1971,54,20/07/2023,,2,GRUPO 3.2,2002,ADMINISTRACION,6,0,2
TRB-0000219,No activo,Hombre,COMPLETA,SENEGAL,ESPAÑA,Máster,CASADO,06/06/1995,30,01/08/2023,30/01/2024,0,GRUPO 3.2,2012,TECNICAS,6,0,1
TRB-0000220,Activo,Mujer,COMPLETA,REPUBLICA DOMINICANA,EXPATRIADO,Máster,CASADO,04/02/1976,49,11/09/2023,,2,GRUPO 2.2,2548,TECNICAS,12,0,3
TRB-0000221,Activo,Mujer,COMPLETA,ORIENTE MEDIO,EXPATRIADO,Máster,SOLTERO/A,14/12/1997,28,26/09/2023,,2,GRUPO 3.1,2206,TECNICAS,14,1,3
TRB-0000222,No activo,Mujer,COMPLETA,EL SALVADOR,EXPATRIADO,Máster,SOLTERO/A,03/08/1988,37,01/10/2023,08/12/2024,1,GRUPO 3.1,2195,TECNICAS,7,0,1
TRB-0000223,Activo,Mujer,COMPLETA,EUSKADI,ESPAÑA,Máster,SOLTERO/A,14/10/2000,25,23/10/2023,,2,GRUPO 3.1,2195,TECNICAS,19,2,2
TRB-0000224,Activo,Mujer,COMPLETA,PAMPLONA,ESPAÑA,Grado Universitario,SOLTERO/A,20/08/1995,30,23/10/2023,,2,GRUPO 3.1,2187,TECNICAS,18,2,2
TRB-0000225,Activo,Mujer,COMPLETA,PALMA DE MALLORCA,ESPAÑA,Doctorado,SOLTERO/A,23/01/1978,47,13/11/2023,,2,GRUPO 3.2,2012,TECNICAS,19,0,3
TRB-0000226,No activo,Mujer,COMPLETA,SANTANDER,ESPAÑA,Máster,SOLTERO/A,08/06/1980,45,12/02/2024,17/11/2024,0,GRUPO 3.2,2012,TECNICAS,7,0,2
TRB-0000231,No activo,Mujer,COMPLETA,BARCELONA,ESPAÑA,Grado Superior,SOLTERO/A,09/02/1991,34,22/05/2023,21/11/2023,0,#N/A,#N/A,BECARIO,9,0,1
TRB-0000232,No activo,Mujer,COMPLETA,MERIDA,ESPAÑA,Grado Universitario,SOLTERO/A,16/06/1995,30,01/05/2023,31/10/2023,0,#N/A,#N/A,BECARIO,18,0,3
TRB-0000233,No activo,Mujer,PARCIAL,VALENCIA,ESPAÑA,--,--,0,125,11/11/2024,25/03/2025,0,#N/A,#N/A,BECARIO,18,0,3
TRB-0000234,Activo,Mujer,COMPLETA,EUSKADI,ESPAÑA,Máster,SOLTERO/A,18/08/1999,26,14/10/2024,,1,GRUPO 3.2,2012,TECNICAS,7,0,2
TRB-0000235,Activo,Hombre,COMPLETA,SEVILLA,ESPAÑA,Grado Superior,SOLTERO/A,07/05/1993,32,15/01/2025,,0,GRUPO 3.1,2195,TECNICAS,14,0,2
TRB-0000236,Activo,Mujer,COMPLETA,EL SALVADOR,EXPATRIADO,Máster,SOLTERO/A,20/02/1996,29,15/01/2025,,0,GRUPO 3.2,2012,TECNICAS,20,0,4
TRB-0000237,Activo,Mujer,COMPLETA,EL SALVADOR,EXPATRIADO,Máster,SOLTERO/A,11/10/1986,39,15/01/2025,,0,GRUPO 2.2,2444,TECNICAS,10,0,3
TRB-0000239,Activo,Hombre,PARCIAL,VALENCIA,ESPAÑA,--,--,0,125,#N/A,,#N/A,N/A,#N/A,BECARIO,7,0,4
TRB-0000241,Activo,Mujer,COMPLETA,EL SALVADOR,EXPATRIADO,Máster,SOLTERO/A,07/07/1997,28,03/03/2025,,0,GRUPO 3.1,2309,TECNICAS,17,0,4
TRB-0000242,Activo,Mujer,COMPLETA,EL SALVADOR,EXPATRIADO,Máster,SOLTERO/A,03/05/1982,43,03/03/2025,,0,GRUPO 2.2,2545,TECNICAS,16,0,4
TRB-0000243,Activo,Mujer,COMPLETA,EL SALVADOR,EXPATRIADO,Máster,SOLTERO/A,24/08/1998,27,03/03/2025,,0,GRUPO 3.2,2024,TECNICAS,12,0,3
TRB-0000244,Activo,Hombre,PARCIAL,CASTILLA Y LEON,ESPAÑA,--,#N/A,#N/A,#N/A,#N/A,,#N/A,#N/A,#N/A,#N/A,15,0,3
TRB-0000245,Activo,Hombre,PARCIAL,CASTILLA Y LEON,ESPAÑA,--,#N/A,#N/A,#N/A,#N/A,,#N/A,#N/A,#N/A,#N/A,19,0,1
TRB-0000246,Activo,Mujer,COMPLETA,EUSKADI,ESPAÑA,Máster,SOLTERO/A,09/11/1996,29,07/04/2025,,0,GRUPO 3.2,2114,TECNICAS,10,0,3
TRB-0000247,Activo,Mujer,COMPLETA,BARCELONA,ESPAÑA,Grado Universitario,SOLTERO/A,09/06/2000,25,12/05/2025,,0,GRUPO 3.2,2012,TECNICAS,14,0,4
TRB-0000248,Activo,Mujer,COMPLETA,VALENCIA,ESPAÑA,Máster,SOLTERO/A,03/07/1995,30,21/05/2025,,0,GRUPO 3.1,2186,TECNICAS,8,0,3
TRB-0000249,Activo,Mujer,COMPLETA,VALENCIA,ESPAÑA,Máster,SOLTERO/A,04/05/1985,40,26/05/2025,,0,GRUPO 2.2,2477,TECNICAS,19,0,3
